Ad_ID,Ad_Copy,Account_Age_Days,Historical_Flags,FailedAdGroupFraudRule
AD-202600001,Get rich quick! Earn $5000/day from home with zero risk. Register now!,72,1,101
AD-202600002,Click here to see a shocking viral video! WARNING: explicit details inside.,377,0,103
AD-202600003,Buy high-quality weight loss pills. Melt 20lbs in 48 hours guaranteed!,176,1,102
AD-202600004,Get rich quick! Earn $5000/day from home with zero risk. Register now!,265,3,101
AD-202600005,Earn standard rewards points back on everyday grocery purchases with our card.,89,1,0
AD-202600006,Buy high-quality weight loss pills. Melt 20lbs in 48 hours guaranteed!,324,3,102
AD-202600007,Affordable life insurance policies for families. Get a free quote today.,442,1,0
AD-202600008,Buy high-quality weight loss pills. Melt 20lbs in 48 hours guaranteed!,712,3,102
AD-202600009,Buy high-quality weight loss pills. Melt 20lbs in 48 hours guaranteed!,304,0,102
AD-202600010,Earn standard rewards points back on everyday grocery purchases with our card.,112,1,0
AD-202600011,Earn standard rewards points back on everyday grocery purchases with our card.,121,0,0
AD-202600012,Affordable life insurance policies for families. Get a free quote today.,446,0,0
AD-202600013,Earn standard rewards points back on everyday grocery purchases with our card.,75,0,0
AD-202600014,Click here to see a shocking viral video! WARNING: explicit details inside.,98,2,103
AD-202600015,Get rich quick! Earn $5000/day from home with zero risk. Register now!,458,1,101
AD-202600016,Affordable life insurance policies for families. Get a free quote today.,202,1,0
AD-202600017,Affordable life insurance policies for families. Get a free quote today.,445,1,0
AD-202600018,Earn standard rewards points back on everyday grocery purchases with our card.,300,1,0
AD-202600019,Get rich quick! Earn $5000/day from home with zero risk. Register now!,73,1,101
AD-202600020,Buy high-quality weight loss pills. Melt 20lbs in 48 hours guaranteed!,443,1,102
AD-202600021,Earn standard rewards points back on everyday grocery purchases with our card.,656,1,0
AD-202600022,Buy high-quality weight loss pills. Melt 20lbs in 48 hours guaranteed!,249,2,102
AD-202600023,Get rich quick! Earn $5000/day from home with zero risk. Register now!,179,0,101
AD-202600024,Get rich quick! Earn $5000/day from home with zero risk. Register now!,653,3,101
AD-202600025,Buy high-quality weight loss pills. Melt 20lbs in 48 hours guaranteed!,499,2,102
AD-202600026,"Standard household kitchen blender. 3 speeds, stainless steel blades.",681,0,0
AD-202600027,Earn standard rewards points back on everyday grocery purchases with our card.,286,0,0
AD-202600028,"Standard household kitchen blender. 3 speeds, stainless steel blades.",577,1,0
AD-202600029,"Standard household kitchen blender. 3 speeds, stainless steel blades.",164,0,0
AD-202600030,"Standard household kitchen blender. 3 speeds, stainless steel blades.",197,1,0
AD-202600031,"Standard household kitchen blender. 3 speeds, stainless steel blades.",366,0,0
AD-202600032,"Standard household kitchen blender. 3 speeds, stainless steel blades.",639,1,0
AD-202600033,Affordable life insurance policies for families. Get a free quote today.,592,1,0
AD-202600034,"Standard household kitchen blender. 3 speeds, stainless steel blades.",63,1,0
AD-202600035,"Standard household kitchen blender. 3 speeds, stainless steel blades.",207,0,0
AD-202600036,Earn standard rewards points back on everyday grocery purchases with our card.,535,0,0
AD-202600037,Buy high-quality weight loss pills. Melt 20lbs in 48 hours guaranteed!,355,4,102
AD-202600038,Click here to see a shocking viral video! WARNING: explicit details inside.,503,5,103
AD-202600039,"Standard household kitchen blender. 3 speeds, stainless steel blades.",442,0,0
AD-202600040,Affordable life insurance policies for families. Get a free quote today.,498,1,0
AD-202600041,Earn standard rewards points back on everyday grocery purchases with our card.,650,1,0
AD-202600042,"Standard household kitchen blender. 3 speeds, stainless steel blades.",85,0,0
AD-202600043,Earn standard rewards points back on everyday grocery purchases with our card.,39,1,0
AD-202600044,"Standard household kitchen blender. 3 speeds, stainless steel blades.",712,1,0
AD-202600045,"Standard household kitchen blender. 3 speeds, stainless steel blades.",730,0,0
AD-202600046,"Standard household kitchen blender. 3 speeds, stainless steel blades.",654,0,0
AD-202600047,"Standard household kitchen blender. 3 speeds, stainless steel blades.",438,0,0
AD-202600048,"Standard household kitchen blender. 3 speeds, stainless steel blades.",558,0,0
AD-202600049,"Standard household kitchen blender. 3 speeds, stainless steel blades.",624,1,0
AD-202600050,"Standard household kitchen blender. 3 speeds, stainless steel blades.",694,0,0
AD-202600051,Earn standard rewards points back on everyday grocery purchases with our card.,69,0,0
AD-202600052,"Standard household kitchen blender. 3 speeds, stainless steel blades.",111,1,0
AD-202600053,Buy high-quality weight loss pills. Melt 20lbs in 48 hours guaranteed!,664,5,102
AD-202600054,Click here to see a shocking viral video! WARNING: explicit details inside.,194,3,103
AD-202600055,Earn standard rewards points back on everyday grocery purchases with our card.,36,1,0
AD-202600056,Affordable life insurance policies for families. Get a free quote today.,671,0,0
AD-202600057,Earn standard rewards points back on everyday grocery purchases with our card.,305,0,0
AD-202600058,Buy high-quality weight loss pills. Melt 20lbs in 48 hours guaranteed!,390,0,102
AD-202600059,Click here to see a shocking viral video! WARNING: explicit details inside.,74,4,103
AD-202600060,"Standard household kitchen blender. 3 speeds, stainless steel blades.",612,0,0
AD-202600061,Affordable life insurance policies for families. Get a free quote today.,302,0,0
AD-202600062,Get rich quick! Earn $5000/day from home with zero risk. Register now!,622,3,101
AD-202600063,Earn standard rewards points back on everyday grocery purchases with our card.,164,1,0
AD-202600064,"Standard household kitchen blender. 3 speeds, stainless steel blades.",82,0,0
AD-202600065,Affordable life insurance policies for families. Get a free quote today.,491,0,0
AD-202600066,Earn standard rewards points back on everyday grocery purchases with our card.,401,0,0
AD-202600067,Buy high-quality weight loss pills. Melt 20lbs in 48 hours guaranteed!,373,3,102
AD-202600068,Buy high-quality weight loss pills. Melt 20lbs in 48 hours guaranteed!,355,3,102
AD-202600069,Get rich quick! Earn $5000/day from home with zero risk. Register now!,357,5,101
AD-202600070,Earn standard rewards points back on everyday grocery purchases with our card.,109,0,0
AD-202600071,Affordable life insurance policies for families. Get a free quote today.,29,1,0
AD-202600072,"Standard household kitchen blender. 3 speeds, stainless steel blades.",165,0,0
AD-202600073,Earn standard rewards points back on everyday grocery purchases with our card.,128,1,0
AD-202600074,"Standard household kitchen blender. 3 speeds, stainless steel blades.",283,1,0
AD-202600075,Affordable life insurance policies for families. Get a free quote today.,534,1,0
AD-202600076,"Standard household kitchen blender. 3 speeds, stainless steel blades.",259,0,0
AD-202600077,Earn standard rewards points back on everyday grocery purchases with our card.,334,0,0
AD-202600078,"Standard household kitchen blender. 3 speeds, stainless steel blades.",623,0,0
AD-202600079,Buy high-quality weight loss pills. Melt 20lbs in 48 hours guaranteed!,168,3,102
AD-202600080,"Standard household kitchen blender. 3 speeds, stainless steel blades.",644,1,0
AD-202600081,Click here to see a shocking viral video! WARNING: explicit details inside.,497,5,103
AD-202600082,Affordable life insurance policies for families. Get a free quote today.,569,0,0
AD-202600083,Click here to see a shocking viral video! WARNING: explicit details inside.,263,1,103
AD-202600084,Earn standard rewards points back on everyday grocery purchases with our card.,462,0,0
AD-202600085,Earn standard rewards points back on everyday grocery purchases with our card.,486,1,0
AD-202600086,Click here to see a shocking viral video! WARNING: explicit details inside.,343,0,103
AD-202600087,"Standard household kitchen blender. 3 speeds, stainless steel blades.",90,0,0
AD-202600088,Affordable life insurance policies for families. Get a free quote today.,591,0,0
AD-202600089,Affordable life insurance policies for families. Get a free quote today.,452,1,0
AD-202600090,Affordable life insurance policies for families. Get a free quote today.,561,1,0
AD-202600091,"Standard household kitchen blender. 3 speeds, stainless steel blades.",682,1,0
AD-202600092,Affordable life insurance policies for families. Get a free quote today.,264,1,0
AD-202600093,"Standard household kitchen blender. 3 speeds, stainless steel blades.",699,1,0
AD-202600094,Get rich quick! Earn $5000/day from home with zero risk. Register now!,532,0,101
AD-202600095,Affordable life insurance policies for families. Get a free quote today.,181,1,0
AD-202600096,"Standard household kitchen blender. 3 speeds, stainless steel blades.",588,0,0
AD-202600097,Buy high-quality weight loss pills. Melt 20lbs in 48 hours guaranteed!,476,2,102
AD-202600098,"Standard household kitchen blender. 3 speeds, stainless steel blades.",406,1,0
AD-202600099,"Standard household kitchen blender. 3 speeds, stainless steel blades.",535,0,0
AD-202600100,Earn standard rewards points back on everyday grocery purchases with our card.,345,1,0
AD-202600101,Buy high-quality weight loss pills. Melt 20lbs in 48 hours guaranteed!,142,3,102
AD-202600102,Buy high-quality weight loss pills. Melt 20lbs in 48 hours guaranteed!,556,3,102
AD-202600103,Affordable life insurance policies for families. Get a free quote today.,84,1,0
AD-202600104,Affordable life insurance policies for families. Get a free quote today.,34,0,0
AD-202600105,"Standard household kitchen blender. 3 speeds, stainless steel blades.",119,1,0
AD-202600106,Affordable life insurance policies for families. Get a free quote today.,118,1,0
AD-202600107,Earn standard rewards points back on everyday grocery purchases with our card.,49,1,0
AD-202600108,Get rich quick! Earn $5000/day from home with zero risk. Register now!,590,5,101
AD-202600109,Click here to see a shocking viral video! WARNING: explicit details inside.,480,4,103
AD-202600110,Get rich quick! Earn $5000/day from home with zero risk. Register now!,155,5,101
AD-202600111,Earn standard rewards points back on everyday grocery purchases with our card.,672,0,0
AD-202600112,"Standard household kitchen blender. 3 speeds, stainless steel blades.",725,0,0
AD-202600113,Affordable life insurance policies for families. Get a free quote today.,499,0,0
AD-202600114,"Standard household kitchen blender. 3 speeds, stainless steel blades.",164,1,0
AD-202600115,Earn standard rewards points back on everyday grocery purchases with our card.,497,0,0
AD-202600116,Earn standard rewards points back on everyday grocery purchases with our card.,15,1,0
AD-202600117,"Standard household kitchen blender. 3 speeds, stainless steel blades.",126,1,0
AD-202600118,"Standard household kitchen blender. 3 speeds, stainless steel blades.",40,0,0
AD-202600119,"Standard household kitchen blender. 3 speeds, stainless steel blades.",712,1,0
AD-202600120,Buy high-quality weight loss pills. Melt 20lbs in 48 hours guaranteed!,361,1,102
AD-202600121,Click here to see a shocking viral video! WARNING: explicit details inside.,680,4,103
AD-202600122,"Standard household kitchen blender. 3 speeds, stainless steel blades.",194,1,0
AD-202600123,Affordable life insurance policies for families. Get a free quote today.,657,0,0
AD-202600124,Earn standard rewards points back on everyday grocery purchases with our card.,173,1,0
AD-202600125,Earn standard rewards points back on everyday grocery purchases with our card.,666,1,0
AD-202600126,Affordable life insurance policies for families. Get a free quote today.,223,0,0
AD-202600127,Affordable life insurance policies for families. Get a free quote today.,525,1,0
AD-202600128,Get rich quick! Earn $5000/day from home with zero risk. Register now!,466,1,101
AD-202600129,Earn standard rewards points back on everyday grocery purchases with our card.,583,0,0
AD-202600130,"Standard household kitchen blender. 3 speeds, stainless steel blades.",630,1,0
AD-202600131,Earn standard rewards points back on everyday grocery purchases with our card.,345,1,0
AD-202600132,Buy high-quality weight loss pills. Melt 20lbs in 48 hours guaranteed!,412,0,102
AD-202600133,Affordable life insurance policies for families. Get a free quote today.,71,0,0
AD-202600134,Get rich quick! Earn $5000/day from home with zero risk. Register now!,226,5,101
AD-202600135,Affordable life insurance policies for families. Get a free quote today.,322,0,0
AD-202600136,"Standard household kitchen blender. 3 speeds, stainless steel blades.",210,1,0
AD-202600137,Affordable life insurance policies for families. Get a free quote today.,645,1,0
AD-202600138,Get rich quick! Earn $5000/day from home with zero risk. Register now!,265,0,101
AD-202600139,Affordable life insurance policies for families. Get a free quote today.,86,1,0
AD-202600140,Buy high-quality weight loss pills. Melt 20lbs in 48 hours guaranteed!,365,3,102
AD-202600141,"Standard household kitchen blender. 3 speeds, stainless steel blades.",23,1,0
AD-202600142,Earn standard rewards points back on everyday grocery purchases with our card.,392,0,0
AD-202600143,Earn standard rewards points back on everyday grocery purchases with our card.,655,1,0
AD-202600144,"Standard household kitchen blender. 3 speeds, stainless steel blades.",219,1,0
AD-202600145,Earn standard rewards points back on everyday grocery purchases with our card.,647,0,0
AD-202600146,Affordable life insurance policies for families. Get a free quote today.,408,0,0
AD-202600147,"Standard household kitchen blender. 3 speeds, stainless steel blades.",549,0,0
AD-202600148,Get rich quick! Earn $5000/day from home with zero risk. Register now!,132,0,101
AD-202600149,"Standard household kitchen blender. 3 speeds, stainless steel blades.",21,1,0
AD-202600150,Affordable life insurance policies for families. Get a free quote today.,527,0,0
AD-202600151,Affordable life insurance policies for families. Get a free quote today.,654,1,0
AD-202600152,Earn standard rewards points back on everyday grocery purchases with our card.,2,1,0
AD-202600153,Earn standard rewards points back on everyday grocery purchases with our card.,382,1,0
AD-202600154,Get rich quick! Earn $5000/day from home with zero risk. Register now!,167,1,101
AD-202600155,"Standard household kitchen blender. 3 speeds, stainless steel blades.",433,1,0
AD-202600156,Click here to see a shocking viral video! WARNING: explicit details inside.,481,0,103
AD-202600157,Affordable life insurance policies for families. Get a free quote today.,520,1,0
AD-202600158,Get rich quick! Earn $5000/day from home with zero risk. Register now!,362,2,101
AD-202600159,Click here to see a shocking viral video! WARNING: explicit details inside.,424,0,103
AD-202600160,"Standard household kitchen blender. 3 speeds, stainless steel blades.",248,0,0
AD-202600161,Affordable life insurance policies for families. Get a free quote today.,546,1,0
AD-202600162,Affordable life insurance policies for families. Get a free quote today.,567,1,0
AD-202600163,"Standard household kitchen blender. 3 speeds, stainless steel blades.",667,0,0
AD-202600164,"Standard household kitchen blender. 3 speeds, stainless steel blades.",573,0,0
AD-202600165,Affordable life insurance policies for families. Get a free quote today.,103,1,0
AD-202600166,"Standard household kitchen blender. 3 speeds, stainless steel blades.",26,1,0
AD-202600167,"Standard household kitchen blender. 3 speeds, stainless steel blades.",114,0,0
AD-202600168,Earn standard rewards points back on everyday grocery purchases with our card.,457,1,0
AD-202600169,Buy high-quality weight loss pills. Melt 20lbs in 48 hours guaranteed!,233,3,102
AD-202600170,Affordable life insurance policies for families. Get a free quote today.,46,1,0
AD-202600171,Affordable life insurance policies for families. Get a free quote today.,220,0,0
AD-202600172,"Standard household kitchen blender. 3 speeds, stainless steel blades.",494,0,0
AD-202600173,"Standard household kitchen blender. 3 speeds, stainless steel blades.",534,1,0
AD-202600174,"Standard household kitchen blender. 3 speeds, stainless steel blades.",246,0,0
AD-202600175,Get rich quick! Earn $5000/day from home with zero risk. Register now!,624,0,101
AD-202600176,Click here to see a shocking viral video! WARNING: explicit details inside.,686,5,103
AD-202600177,"Standard household kitchen blender. 3 speeds, stainless steel blades.",726,1,0
AD-202600178,Click here to see a shocking viral video! WARNING: explicit details inside.,698,1,103
AD-202600179,Affordable life insurance policies for families. Get a free quote today.,624,0,0
AD-202600180,Earn standard rewards points back on everyday grocery purchases with our card.,352,1,0
AD-202600181,Affordable life insurance policies for families. Get a free quote today.,583,1,0
AD-202600182,"Standard household kitchen blender. 3 speeds, stainless steel blades.",22,0,0
AD-202600183,"Standard household kitchen blender. 3 speeds, stainless steel blades.",298,1,0
AD-202600184,"Standard household kitchen blender. 3 speeds, stainless steel blades.",524,1,0
AD-202600185,Earn standard rewards points back on everyday grocery purchases with our card.,138,1,0
AD-202600186,Click here to see a shocking viral video! WARNING: explicit details inside.,647,2,103
AD-202600187,Earn standard rewards points back on everyday grocery purchases with our card.,20,0,0
AD-202600188,"Standard household kitchen blender. 3 speeds, stainless steel blades.",135,0,0
AD-202600189,"Standard household kitchen blender. 3 speeds, stainless steel blades.",617,1,0
AD-202600190,Earn standard rewards points back on everyday grocery purchases with our card.,261,1,0
AD-202600191,Affordable life insurance policies for families. Get a free quote today.,583,0,0
AD-202600192,"Standard household kitchen blender. 3 speeds, stainless steel blades.",315,0,0
AD-202600193,"Standard household kitchen blender. 3 speeds, stainless steel blades.",374,0,0
AD-202600194,Earn standard rewards points back on everyday grocery purchases with our card.,711,1,0
AD-202600195,Get rich quick! Earn $5000/day from home with zero risk. Register now!,402,5,101
AD-202600196,Affordable life insurance policies for families. Get a free quote today.,582,0,0
AD-202600197,Get rich quick! Earn $5000/day from home with zero risk. Register now!,137,2,101
AD-202600198,Earn standard rewards points back on everyday grocery purchases with our card.,39,0,0
AD-202600199,"Standard household kitchen blender. 3 speeds, stainless steel blades.",723,0,0
AD-202600200,"Standard household kitchen blender. 3 speeds, stainless steel blades.",169,0,0
AD-202600201,Get rich quick! Earn $5000/day from home with zero risk. Register now!,500,2,101
AD-202600202,"Standard household kitchen blender. 3 speeds, stainless steel blades.",216,1,0
AD-202600203,Earn standard rewards points back on everyday grocery purchases with our card.,139,1,0
AD-202600204,Earn standard rewards points back on everyday grocery purchases with our card.,131,0,0
AD-202600205,Buy high-quality weight loss pills. Melt 20lbs in 48 hours guaranteed!,374,4,102
AD-202600206,Buy high-quality weight loss pills. Melt 20lbs in 48 hours guaranteed!,309,0,102
AD-202600207,"Standard household kitchen blender. 3 speeds, stainless steel blades.",384,1,0
AD-202600208,"Standard household kitchen blender. 3 speeds, stainless steel blades.",189,0,0
AD-202600209,"Standard household kitchen blender. 3 speeds, stainless steel blades.",685,1,0
AD-202600210,Get rich quick! Earn $5000/day from home with zero risk. Register now!,529,2,101
AD-202600211,"Standard household kitchen blender. 3 speeds, stainless steel blades.",268,0,0
AD-202600212,Click here to see a shocking viral video! WARNING: explicit details inside.,259,4,103
AD-202600213,"Standard household kitchen blender. 3 speeds, stainless steel blades.",705,0,0
AD-202600214,"Standard household kitchen blender. 3 speeds, stainless steel blades.",25,0,0
AD-202600215,Earn standard rewards points back on everyday grocery purchases with our card.,160,1,0
AD-202600216,Affordable life insurance policies for families. Get a free quote today.,32,0,0
AD-202600217,Earn standard rewards points back on everyday grocery purchases with our card.,210,0,0
AD-202600218,Buy high-quality weight loss pills. Melt 20lbs in 48 hours guaranteed!,636,2,102
AD-202600219,Affordable life insurance policies for families. Get a free quote today.,387,0,0
AD-202600220,Earn standard rewards points back on everyday grocery purchases with our card.,95,0,0
AD-202600221,Earn standard rewards points back on everyday grocery purchases with our card.,267,0,0
AD-202600222,Get rich quick! Earn $5000/day from home with zero risk. Register now!,673,4,101
AD-202600223,Affordable life insurance policies for families. Get a free quote today.,324,0,0
AD-202600224,"Standard household kitchen blender. 3 speeds, stainless steel blades.",106,0,0
AD-202600225,Buy high-quality weight loss pills. Melt 20lbs in 48 hours guaranteed!,41,1,102
AD-202600226,Affordable life insurance policies for families. Get a free quote today.,162,1,0
AD-202600227,Affordable life insurance policies for families. Get a free quote today.,275,1,0
AD-202600228,Earn standard rewards points back on everyday grocery purchases with our card.,517,0,0
AD-202600229,"Standard household kitchen blender. 3 speeds, stainless steel blades.",59,0,0
AD-202600230,Affordable life insurance policies for families. Get a free quote today.,140,1,0
AD-202600231,Earn standard rewards points back on everyday grocery purchases with our card.,91,1,0
AD-202600232,Earn standard rewards points back on everyday grocery purchases with our card.,179,1,0
AD-202600233,Earn standard rewards points back on everyday grocery purchases with our card.,476,0,0
AD-202600234,Click here to see a shocking viral video! WARNING: explicit details inside.,306,0,103
AD-202600235,"Standard household kitchen blender. 3 speeds, stainless steel blades.",715,0,0
AD-202600236,"Standard household kitchen blender. 3 speeds, stainless steel blades.",674,0,0
AD-202600237,Earn standard rewards points back on everyday grocery purchases with our card.,219,1,0
AD-202600238,"Standard household kitchen blender. 3 speeds, stainless steel blades.",571,1,0
AD-202600239,Affordable life insurance policies for families. Get a free quote today.,53,1,0
AD-202600240,Affordable life insurance policies for families. Get a free quote today.,551,1,0
AD-202600241,"Standard household kitchen blender. 3 speeds, stainless steel blades.",90,1,0
AD-202600242,Affordable life insurance policies for families. Get a free quote today.,696,0,0
AD-202600243,Get rich quick! Earn $5000/day from home with zero risk. Register now!,291,1,101
AD-202600244,Get rich quick! Earn $5000/day from home with zero risk. Register now!,138,4,101
AD-202600245,Earn standard rewards points back on everyday grocery purchases with our card.,340,0,0
AD-202600246,Click here to see a shocking viral video! WARNING: explicit details inside.,450,4,103
AD-202600247,Earn standard rewards points back on everyday grocery purchases with our card.,620,0,0
AD-202600248,Get rich quick! Earn $5000/day from home with zero risk. Register now!,460,2,101
AD-202600249,Affordable life insurance policies for families. Get a free quote today.,670,1,0
AD-202600250,Get rich quick! Earn $5000/day from home with zero risk. Register now!,78,1,101
AD-202600251,Click here to see a shocking viral video! WARNING: explicit details inside.,7,1,103
AD-202600252,Earn standard rewards points back on everyday grocery purchases with our card.,260,1,0
AD-202600253,"Standard household kitchen blender. 3 speeds, stainless steel blades.",317,1,0
AD-202600254,Get rich quick! Earn $5000/day from home with zero risk. Register now!,447,1,101
AD-202600255,Affordable life insurance policies for families. Get a free quote today.,402,1,0
AD-202600256,Earn standard rewards points back on everyday grocery purchases with our card.,405,0,0
AD-202600257,"Standard household kitchen blender. 3 speeds, stainless steel blades.",98,0,0
AD-202600258,Earn standard rewards points back on everyday grocery purchases with our card.,694,1,0
AD-202600259,"Standard household kitchen blender. 3 speeds, stainless steel blades.",35,1,0
AD-202600260,Get rich quick! Earn $5000/day from home with zero risk. Register now!,40,4,101
AD-202600261,Click here to see a shocking viral video! WARNING: explicit details inside.,291,5,103
AD-202600262,"Standard household kitchen blender. 3 speeds, stainless steel blades.",463,1,0
AD-202600263,Affordable life insurance policies for families. Get a free quote today.,284,1,0
AD-202600264,Affordable life insurance policies for families. Get a free quote today.,612,1,0
AD-202600265,Buy high-quality weight loss pills. Melt 20lbs in 48 hours guaranteed!,78,0,102
AD-202600266,Buy high-quality weight loss pills. Melt 20lbs in 48 hours guaranteed!,647,5,102
AD-202600267,Affordable life insurance policies for families. Get a free quote today.,677,0,0
AD-202600268,Affordable life insurance policies for families. Get a free quote today.,481,0,0
AD-202600269,Get rich quick! Earn $5000/day from home with zero risk. Register now!,670,3,101
AD-202600270,Earn standard rewards points back on everyday grocery purchases with our card.,507,1,0
AD-202600271,"Standard household kitchen blender. 3 speeds, stainless steel blades.",57,0,0
AD-202600272,Buy high-quality weight loss pills. Melt 20lbs in 48 hours guaranteed!,35,0,102
AD-202600273,"Standard household kitchen blender. 3 speeds, stainless steel blades.",538,0,0
AD-202600274,"Standard household kitchen blender. 3 speeds, stainless steel blades.",16,0,0
AD-202600275,Affordable life insurance policies for families. Get a free quote today.,730,0,0
AD-202600276,Get rich quick! Earn $5000/day from home with zero risk. Register now!,582,3,101
AD-202600277,"Standard household kitchen blender. 3 speeds, stainless steel blades.",283,0,0
AD-202600278,Buy high-quality weight loss pills. Melt 20lbs in 48 hours guaranteed!,337,1,102
AD-202600279,"Standard household kitchen blender. 3 speeds, stainless steel blades.",46,0,0
AD-202600280,"Standard household kitchen blender. 3 speeds, stainless steel blades.",198,1,0
AD-202600281,Earn standard rewards points back on everyday grocery purchases with our card.,450,0,0
AD-202600282,"Standard household kitchen blender. 3 speeds, stainless steel blades.",271,1,0
AD-202600283,"Standard household kitchen blender. 3 speeds, stainless steel blades.",597,1,0
AD-202600284,"Standard household kitchen blender. 3 speeds, stainless steel blades.",81,1,0
AD-202600285,Affordable life insurance policies for families. Get a free quote today.,619,1,0
AD-202600286,Get rich quick! Earn $5000/day from home with zero risk. Register now!,607,0,101
AD-202600287,Earn standard rewards points back on everyday grocery purchases with our card.,94,1,0
AD-202600288,Affordable life insurance policies for families. Get a free quote today.,234,1,0
AD-202600289,"Standard household kitchen blender. 3 speeds, stainless steel blades.",662,1,0
AD-202600290,"Standard household kitchen blender. 3 speeds, stainless steel blades.",33,1,0
AD-202600291,Click here to see a shocking viral video! WARNING: explicit details inside.,408,3,103
AD-202600292,Click here to see a shocking viral video! WARNING: explicit details inside.,691,2,103
AD-202600293,Earn standard rewards points back on everyday grocery purchases with our card.,482,0,0
AD-202600294,Earn standard rewards points back on everyday grocery purchases with our card.,666,1,0
AD-202600295,Affordable life insurance policies for families. Get a free quote today.,655,0,0
AD-202600296,"Standard household kitchen blender. 3 speeds, stainless steel blades.",170,1,0
AD-202600297,Buy high-quality weight loss pills. Melt 20lbs in 48 hours guaranteed!,324,5,102
AD-202600298,Get rich quick! Earn $5000/day from home with zero risk. Register now!,592,5,101
AD-202600299,Get rich quick! Earn $5000/day from home with zero risk. Register now!,428,4,101
AD-202600300,Get rich quick! Earn $5000/day from home with zero risk. Register now!,700,4,101
AD-202600301,Earn standard rewards points back on everyday grocery purchases with our card.,55,1,0
AD-202600302,Buy high-quality weight loss pills. Melt 20lbs in 48 hours guaranteed!,238,0,102
AD-202600303,"Standard household kitchen blender. 3 speeds, stainless steel blades.",258,0,0
AD-202600304,Buy high-quality weight loss pills. Melt 20lbs in 48 hours guaranteed!,669,1,102
AD-202600305,Earn standard rewards points back on everyday grocery purchases with our card.,201,1,0
AD-202600306,"Standard household kitchen blender. 3 speeds, stainless steel blades.",305,0,0
AD-202600307,Affordable life insurance policies for families. Get a free quote today.,693,0,0
AD-202600308,"Standard household kitchen blender. 3 speeds, stainless steel blades.",131,0,0
AD-202600309,Earn standard rewards points back on everyday grocery purchases with our card.,349,0,0
AD-202600310,Get rich quick! Earn $5000/day from home with zero risk. Register now!,684,0,101
AD-202600311,"Standard household kitchen blender. 3 speeds, stainless steel blades.",670,0,0
AD-202600312,Buy high-quality weight loss pills. Melt 20lbs in 48 hours guaranteed!,137,3,102
AD-202600313,Buy high-quality weight loss pills. Melt 20lbs in 48 hours guaranteed!,591,3,102
AD-202600314,Buy high-quality weight loss pills. Melt 20lbs in 48 hours guaranteed!,560,1,102
AD-202600315,"Standard household kitchen blender. 3 speeds, stainless steel blades.",274,0,0
AD-202600316,Affordable life insurance policies for families. Get a free quote today.,550,0,0
AD-202600317,Earn standard rewards points back on everyday grocery purchases with our card.,285,1,0
AD-202600318,Buy high-quality weight loss pills. Melt 20lbs in 48 hours guaranteed!,112,4,102
AD-202600319,"Standard household kitchen blender. 3 speeds, stainless steel blades.",547,0,0
AD-202600320,Affordable life insurance policies for families. Get a free quote today.,300,0,0
AD-202600321,"Standard household kitchen blender. 3 speeds, stainless steel blades.",114,0,0
AD-202600322,Earn standard rewards points back on everyday grocery purchases with our card.,441,1,0
AD-202600323,Affordable life insurance policies for families. Get a free quote today.,482,0,0
AD-202600324,Earn standard rewards points back on everyday grocery purchases with our card.,714,0,0
AD-202600325,Earn standard rewards points back on everyday grocery purchases with our card.,639,0,0
AD-202600326,Buy high-quality weight loss pills. Melt 20lbs in 48 hours guaranteed!,67,3,102
AD-202600327,Buy high-quality weight loss pills. Melt 20lbs in 48 hours guaranteed!,540,1,102
AD-202600328,Buy high-quality weight loss pills. Melt 20lbs in 48 hours guaranteed!,55,5,102
AD-202600329,"Standard household kitchen blender. 3 speeds, stainless steel blades.",718,0,0
AD-202600330,Earn standard rewards points back on everyday grocery purchases with our card.,381,0,0
AD-202600331,Buy high-quality weight loss pills. Melt 20lbs in 48 hours guaranteed!,683,1,102
AD-202600332,"Standard household kitchen blender. 3 speeds, stainless steel blades.",730,1,0
AD-202600333,Earn standard rewards points back on everyday grocery purchases with our card.,591,0,0
AD-202600334,Get rich quick! Earn $5000/day from home with zero risk. Register now!,274,1,101
AD-202600335,"Standard household kitchen blender. 3 speeds, stainless steel blades.",309,1,0
AD-202600336,Get rich quick! Earn $5000/day from home with zero risk. Register now!,616,0,101
AD-202600337,Click here to see a shocking viral video! WARNING: explicit details inside.,450,5,103
AD-202600338,"Standard household kitchen blender. 3 speeds, stainless steel blades.",612,1,0
AD-202600339,"Standard household kitchen blender. 3 speeds, stainless steel blades.",396,1,0
AD-202600340,Earn standard rewards points back on everyday grocery purchases with our card.,466,0,0
AD-202600341,Buy high-quality weight loss pills. Melt 20lbs in 48 hours guaranteed!,478,1,102
AD-202600342,Click here to see a shocking viral video! WARNING: explicit details inside.,357,4,103
AD-202600343,Affordable life insurance policies for families. Get a free quote today.,668,0,0
AD-202600344,Affordable life insurance policies for families. Get a free quote today.,14,1,0
AD-202600345,Earn standard rewards points back on everyday grocery purchases with our card.,412,0,0
AD-202600346,Earn standard rewards points back on everyday grocery purchases with our card.,420,1,0
AD-202600347,"Standard household kitchen blender. 3 speeds, stainless steel blades.",340,1,0
AD-202600348,"Standard household kitchen blender. 3 speeds, stainless steel blades.",632,1,0
AD-202600349,Earn standard rewards points back on everyday grocery purchases with our card.,312,1,0
AD-202600350,"Standard household kitchen blender. 3 speeds, stainless steel blades.",293,1,0
AD-202600351,Affordable life insurance policies for families. Get a free quote today.,295,1,0
AD-202600352,"Standard household kitchen blender. 3 speeds, stainless steel blades.",585,0,0
AD-202600353,"Standard household kitchen blender. 3 speeds, stainless steel blades.",539,0,0
AD-202600354,Click here to see a shocking viral video! WARNING: explicit details inside.,106,5,103
AD-202600355,Affordable life insurance policies for families. Get a free quote today.,116,1,0
AD-202600356,Get rich quick! Earn $5000/day from home with zero risk. Register now!,81,0,101
AD-202600357,"Standard household kitchen blender. 3 speeds, stainless steel blades.",308,0,0
AD-202600358,"Standard household kitchen blender. 3 speeds, stainless steel blades.",704,0,0
AD-202600359,Affordable life insurance policies for families. Get a free quote today.,678,1,0
AD-202600360,Buy high-quality weight loss pills. Melt 20lbs in 48 hours guaranteed!,562,1,102
AD-202600361,Click here to see a shocking viral video! WARNING: explicit details inside.,644,2,103
AD-202600362,Click here to see a shocking viral video! WARNING: explicit details inside.,372,0,103
AD-202600363,Earn standard rewards points back on everyday grocery purchases with our card.,333,1,0
AD-202600364,"Standard household kitchen blender. 3 speeds, stainless steel blades.",694,1,0
AD-202600365,Click here to see a shocking viral video! WARNING: explicit details inside.,446,4,103
AD-202600366,Affordable life insurance policies for families. Get a free quote today.,266,1,0
AD-202600367,Get rich quick! Earn $5000/day from home with zero risk. Register now!,403,3,101
AD-202600368,Click here to see a shocking viral video! WARNING: explicit details inside.,641,2,103
AD-202600369,"Standard household kitchen blender. 3 speeds, stainless steel blades.",67,1,0
AD-202600370,Get rich quick! Earn $5000/day from home with zero risk. Register now!,191,3,101
AD-202600371,Affordable life insurance policies for families. Get a free quote today.,163,0,0
AD-202600372,Earn standard rewards points back on everyday grocery purchases with our card.,377,0,0
AD-202600373,Buy high-quality weight loss pills. Melt 20lbs in 48 hours guaranteed!,615,4,102
AD-202600374,Affordable life insurance policies for families. Get a free quote today.,379,0,0
AD-202600375,Affordable life insurance policies for families. Get a free quote today.,471,1,0
AD-202600376,"Standard household kitchen blender. 3 speeds, stainless steel blades.",213,0,0
AD-202600377,Affordable life insurance policies for families. Get a free quote today.,681,1,0
AD-202600378,"Standard household kitchen blender. 3 speeds, stainless steel blades.",502,0,0
AD-202600379,Affordable life insurance policies for families. Get a free quote today.,534,0,0
AD-202600380,"Standard household kitchen blender. 3 speeds, stainless steel blades.",7,0,0
AD-202600381,Click here to see a shocking viral video! WARNING: explicit details inside.,155,0,103
AD-202600382,"Standard household kitchen blender. 3 speeds, stainless steel blades.",434,0,0
AD-202600383,Earn standard rewards points back on everyday grocery purchases with our card.,238,0,0
AD-202600384,Affordable life insurance policies for families. Get a free quote today.,205,0,0
AD-202600385,Affordable life insurance policies for families. Get a free quote today.,583,1,0
AD-202600386,"Standard household kitchen blender. 3 speeds, stainless steel blades.",668,1,0
AD-202600387,Click here to see a shocking viral video! WARNING: explicit details inside.,676,0,103
AD-202600388,Earn standard rewards points back on everyday grocery purchases with our card.,205,1,0
AD-202600389,"Standard household kitchen blender. 3 speeds, stainless steel blades.",719,1,0
AD-202600390,Earn standard rewards points back on everyday grocery purchases with our card.,234,0,0
AD-202600391,"Standard household kitchen blender. 3 speeds, stainless steel blades.",33,1,0
AD-202600392,"Standard household kitchen blender. 3 speeds, stainless steel blades.",433,0,0
AD-202600393,"Standard household kitchen blender. 3 speeds, stainless steel blades.",621,0,0
AD-202600394,Get rich quick! Earn $5000/day from home with zero risk. Register now!,602,0,101
AD-202600395,"Standard household kitchen blender. 3 speeds, stainless steel blades.",535,1,0
AD-202600396,"Standard household kitchen blender. 3 speeds, stainless steel blades.",559,1,0
AD-202600397,"Standard household kitchen blender. 3 speeds, stainless steel blades.",696,1,0
AD-202600398,"Standard household kitchen blender. 3 speeds, stainless steel blades.",106,1,0
AD-202600399,Earn standard rewards points back on everyday grocery purchases with our card.,723,1,0
AD-202600400,"Standard household kitchen blender. 3 speeds, stainless steel blades.",358,0,0
AD-202600401,Affordable life insurance policies for families. Get a free quote today.,609,1,0
AD-202600402,Earn standard rewards points back on everyday grocery purchases with our card.,69,1,0
AD-202600403,"Standard household kitchen blender. 3 speeds, stainless steel blades.",306,1,0
AD-202600404,Affordable life insurance policies for families. Get a free quote today.,622,0,0
AD-202600405,"Standard household kitchen blender. 3 speeds, stainless steel blades.",527,0,0
AD-202600406,"Standard household kitchen blender. 3 speeds, stainless steel blades.",151,0,0
AD-202600407,Earn standard rewards points back on everyday grocery purchases with our card.,219,0,0
AD-202600408,Buy high-quality weight loss pills. Melt 20lbs in 48 hours guaranteed!,173,1,102
AD-202600409,Get rich quick! Earn $5000/day from home with zero risk. Register now!,509,1,101
AD-202600410,"Standard household kitchen blender. 3 speeds, stainless steel blades.",269,1,0
AD-202600411,"Standard household kitchen blender. 3 speeds, stainless steel blades.",384,0,0
AD-202600412,Get rich quick! Earn $5000/day from home with zero risk. Register now!,512,4,101
AD-202600413,Affordable life insurance policies for families. Get a free quote today.,337,0,0
AD-202600414,Affordable life insurance policies for families. Get a free quote today.,270,1,0
AD-202600415,Get rich quick! Earn $5000/day from home with zero risk. Register now!,659,0,101
AD-202600416,Click here to see a shocking viral video! WARNING: explicit details inside.,25,1,103
AD-202600417,Affordable life insurance policies for families. Get a free quote today.,264,0,0
AD-202600418,"Standard household kitchen blender. 3 speeds, stainless steel blades.",199,0,0
AD-202600419,Earn standard rewards points back on everyday grocery purchases with our card.,14,0,0
AD-202600420,Earn standard rewards points back on everyday grocery purchases with our card.,209,0,0
AD-202600421,Click here to see a shocking viral video! WARNING: explicit details inside.,549,1,103
AD-202600422,Earn standard rewards points back on everyday grocery purchases with our card.,586,0,0
AD-202600423,Earn standard rewards points back on everyday grocery purchases with our card.,71,1,0
AD-202600424,Earn standard rewards points back on everyday grocery purchases with our card.,17,0,0
AD-202600425,Affordable life insurance policies for families. Get a free quote today.,714,1,0
AD-202600426,Earn standard rewards points back on everyday grocery purchases with our card.,473,0,0
AD-202600427,Earn standard rewards points back on everyday grocery purchases with our card.,3,1,0
AD-202600428,Affordable life insurance policies for families. Get a free quote today.,408,0,0
AD-202600429,"Standard household kitchen blender. 3 speeds, stainless steel blades.",334,0,0
AD-202600430,"Standard household kitchen blender. 3 speeds, stainless steel blades.",625,1,0
AD-202600431,Earn standard rewards points back on everyday grocery purchases with our card.,291,0,0
AD-202600432,Affordable life insurance policies for families. Get a free quote today.,243,1,0
AD-202600433,Buy high-quality weight loss pills. Melt 20lbs in 48 hours guaranteed!,83,0,102
AD-202600434,"Standard household kitchen blender. 3 speeds, stainless steel blades.",530,0,0
AD-202600435,"Standard household kitchen blender. 3 speeds, stainless steel blades.",290,1,0
AD-202600436,Earn standard rewards points back on everyday grocery purchases with our card.,635,1,0
AD-202600437,Buy high-quality weight loss pills. Melt 20lbs in 48 hours guaranteed!,147,3,102
AD-202600438,"Standard household kitchen blender. 3 speeds, stainless steel blades.",530,1,0
AD-202600439,Affordable life insurance policies for families. Get a free quote today.,106,0,0
AD-202600440,Affordable life insurance policies for families. Get a free quote today.,213,0,0
AD-202600441,"Standard household kitchen blender. 3 speeds, stainless steel blades.",336,0,0
AD-202600442,Affordable life insurance policies for families. Get a free quote today.,551,1,0
AD-202600443,"Standard household kitchen blender. 3 speeds, stainless steel blades.",393,1,0
AD-202600444,"Standard household kitchen blender. 3 speeds, stainless steel blades.",481,0,0
AD-202600445,Earn standard rewards points back on everyday grocery purchases with our card.,102,1,0
AD-202600446,"Standard household kitchen blender. 3 speeds, stainless steel blades.",278,0,0
AD-202600447,Affordable life insurance policies for families. Get a free quote today.,653,0,0
AD-202600448,Earn standard rewards points back on everyday grocery purchases with our card.,92,1,0
AD-202600449,"Standard household kitchen blender. 3 speeds, stainless steel blades.",598,0,0
AD-202600450,Earn standard rewards points back on everyday grocery purchases with our card.,137,0,0
AD-202600451,Affordable life insurance policies for families. Get a free quote today.,142,0,0
AD-202600452,Affordable life insurance policies for families. Get a free quote today.,627,0,0
AD-202600453,Click here to see a shocking viral video! WARNING: explicit details inside.,511,2,103
AD-202600454,Earn standard rewards points back on everyday grocery purchases with our card.,123,0,0
AD-202600455,"Standard household kitchen blender. 3 speeds, stainless steel blades.",377,1,0
AD-202600456,Buy high-quality weight loss pills. Melt 20lbs in 48 hours guaranteed!,671,2,102
AD-202600457,"Standard household kitchen blender. 3 speeds, stainless steel blades.",536,1,0
AD-202600458,Get rich quick! Earn $5000/day from home with zero risk. Register now!,607,0,101
AD-202600459,Affordable life insurance policies for families. Get a free quote today.,14,1,0
AD-202600460,Affordable life insurance policies for families. Get a free quote today.,608,1,0
AD-202600461,Buy high-quality weight loss pills. Melt 20lbs in 48 hours guaranteed!,223,3,102
AD-202600462,Buy high-quality weight loss pills. Melt 20lbs in 48 hours guaranteed!,90,2,102
AD-202600463,Earn standard rewards points back on everyday grocery purchases with our card.,630,1,0
AD-202600464,"Standard household kitchen blender. 3 speeds, stainless steel blades.",214,0,0
AD-202600465,Earn standard rewards points back on everyday grocery purchases with our card.,294,0,0
AD-202600466,Buy high-quality weight loss pills. Melt 20lbs in 48 hours guaranteed!,154,2,102
AD-202600467,Earn standard rewards points back on everyday grocery purchases with our card.,588,1,0
AD-202600468,Click here to see a shocking viral video! WARNING: explicit details inside.,500,1,103
AD-202600469,"Standard household kitchen blender. 3 speeds, stainless steel blades.",508,0,0
AD-202600470,Affordable life insurance policies for families. Get a free quote today.,649,0,0
AD-202600471,Affordable life insurance policies for families. Get a free quote today.,523,1,0
AD-202600472,Click here to see a shocking viral video! WARNING: explicit details inside.,407,2,103
AD-202600473,Affordable life insurance policies for families. Get a free quote today.,678,1,0
AD-202600474,"Standard household kitchen blender. 3 speeds, stainless steel blades.",506,1,0
AD-202600475,Earn standard rewards points back on everyday grocery purchases with our card.,664,1,0
AD-202600476,Buy high-quality weight loss pills. Melt 20lbs in 48 hours guaranteed!,282,5,102
AD-202600477,"Standard household kitchen blender. 3 speeds, stainless steel blades.",285,0,0
AD-202600478,"Standard household kitchen blender. 3 speeds, stainless steel blades.",680,1,0
AD-202600479,"Standard household kitchen blender. 3 speeds, stainless steel blades.",621,0,0
AD-202600480,Get rich quick! Earn $5000/day from home with zero risk. Register now!,317,0,101
AD-202600481,Affordable life insurance policies for families. Get a free quote today.,246,0,0
AD-202600482,"Standard household kitchen blender. 3 speeds, stainless steel blades.",565,1,0
AD-202600483,Earn standard rewards points back on everyday grocery purchases with our card.,310,0,0
AD-202600484,Earn standard rewards points back on everyday grocery purchases with our card.,189,0,0
AD-202600485,Click here to see a shocking viral video! WARNING: explicit details inside.,440,3,103
AD-202600486,Earn standard rewards points back on everyday grocery purchases with our card.,165,1,0
AD-202600487,Affordable life insurance policies for families. Get a free quote today.,466,1,0
AD-202600488,"Standard household kitchen blender. 3 speeds, stainless steel blades.",556,0,0
AD-202600489,"Standard household kitchen blender. 3 speeds, stainless steel blades.",541,1,0
AD-202600490,Buy high-quality weight loss pills. Melt 20lbs in 48 hours guaranteed!,389,0,102
AD-202600491,"Standard household kitchen blender. 3 speeds, stainless steel blades.",426,1,0
AD-202600492,"Standard household kitchen blender. 3 speeds, stainless steel blades.",99,1,0
AD-202600493,Earn standard rewards points back on everyday grocery purchases with our card.,207,1,0
AD-202600494,Buy high-quality weight loss pills. Melt 20lbs in 48 hours guaranteed!,501,0,102
AD-202600495,Earn standard rewards points back on everyday grocery purchases with our card.,132,1,0
AD-202600496,Buy high-quality weight loss pills. Melt 20lbs in 48 hours guaranteed!,684,1,102
AD-202600497,"Standard household kitchen blender. 3 speeds, stainless steel blades.",544,0,0
AD-202600498,Earn standard rewards points back on everyday grocery purchases with our card.,593,0,0
AD-202600499,Get rich quick! Earn $5000/day from home with zero risk. Register now!,616,5,101
AD-202600500,"Standard household kitchen blender. 3 speeds, stainless steel blades.",356,0,0
AD-202600501,Affordable life insurance policies for families. Get a free quote today.,342,0,0
AD-202600502,Affordable life insurance policies for families. Get a free quote today.,246,0,0
AD-202600503,Click here to see a shocking viral video! WARNING: explicit details inside.,436,4,103
AD-202600504,Buy high-quality weight loss pills. Melt 20lbs in 48 hours guaranteed!,76,5,102
AD-202600505,Affordable life insurance policies for families. Get a free quote today.,445,1,0
AD-202600506,Affordable life insurance policies for families. Get a free quote today.,278,1,0
AD-202600507,Earn standard rewards points back on everyday grocery purchases with our card.,378,0,0
AD-202600508,Earn standard rewards points back on everyday grocery purchases with our card.,432,1,0
AD-202600509,Buy high-quality weight loss pills. Melt 20lbs in 48 hours guaranteed!,259,1,102
AD-202600510,"Standard household kitchen blender. 3 speeds, stainless steel blades.",716,0,0
AD-202600511,Affordable life insurance policies for families. Get a free quote today.,82,1,0
AD-202600512,Buy high-quality weight loss pills. Melt 20lbs in 48 hours guaranteed!,535,3,102
AD-202600513,Earn standard rewards points back on everyday grocery purchases with our card.,690,0,0
AD-202600514,"Standard household kitchen blender. 3 speeds, stainless steel blades.",556,0,0
AD-202600515,Buy high-quality weight loss pills. Melt 20lbs in 48 hours guaranteed!,195,3,102
AD-202600516,Get rich quick! Earn $5000/day from home with zero risk. Register now!,343,4,101
AD-202600517,Earn standard rewards points back on everyday grocery purchases with our card.,44,1,0
AD-202600518,Affordable life insurance policies for families. Get a free quote today.,591,1,0
AD-202600519,Affordable life insurance policies for families. Get a free quote today.,469,1,0
AD-202600520,Earn standard rewards points back on everyday grocery purchases with our card.,344,0,0
AD-202600521,Earn standard rewards points back on everyday grocery purchases with our card.,277,0,0
AD-202600522,Get rich quick! Earn $5000/day from home with zero risk. Register now!,171,2,101
AD-202600523,"Standard household kitchen blender. 3 speeds, stainless steel blades.",75,1,0
AD-202600524,Affordable life insurance policies for families. Get a free quote today.,42,0,0
AD-202600525,Click here to see a shocking viral video! WARNING: explicit details inside.,478,3,103
AD-202600526,Affordable life insurance policies for families. Get a free quote today.,128,1,0
AD-202600527,Earn standard rewards points back on everyday grocery purchases with our card.,486,1,0
AD-202600528,"Standard household kitchen blender. 3 speeds, stainless steel blades.",398,0,0
AD-202600529,Earn standard rewards points back on everyday grocery purchases with our card.,711,0,0
AD-202600530,Affordable life insurance policies for families. Get a free quote today.,292,1,0
AD-202600531,Earn standard rewards points back on everyday grocery purchases with our card.,657,0,0
AD-202600532,Buy high-quality weight loss pills. Melt 20lbs in 48 hours guaranteed!,21,4,102
AD-202600533,Affordable life insurance policies for families. Get a free quote today.,430,1,0
AD-202600534,Earn standard rewards points back on everyday grocery purchases with our card.,584,1,0
AD-202600535,Affordable life insurance policies for families. Get a free quote today.,432,1,0
AD-202600536,Affordable life insurance policies for families. Get a free quote today.,601,1,0
AD-202600537,"Standard household kitchen blender. 3 speeds, stainless steel blades.",98,0,0
AD-202600538,"Standard household kitchen blender. 3 speeds, stainless steel blades.",91,0,0
AD-202600539,Click here to see a shocking viral video! WARNING: explicit details inside.,82,0,103
AD-202600540,"Standard household kitchen blender. 3 speeds, stainless steel blades.",152,1,0
AD-202600541,Earn standard rewards points back on everyday grocery purchases with our card.,215,0,0
AD-202600542,Affordable life insurance policies for families. Get a free quote today.,413,1,0
AD-202600543,"Standard household kitchen blender. 3 speeds, stainless steel blades.",407,0,0
AD-202600544,"Standard household kitchen blender. 3 speeds, stainless steel blades.",563,1,0
AD-202600545,"Standard household kitchen blender. 3 speeds, stainless steel blades.",554,1,0
AD-202600546,Earn standard rewards points back on everyday grocery purchases with our card.,686,0,0
AD-202600547,Affordable life insurance policies for families. Get a free quote today.,704,0,0
AD-202600548,Affordable life insurance policies for families. Get a free quote today.,396,1,0
AD-202600549,"Standard household kitchen blender. 3 speeds, stainless steel blades.",29,1,0
AD-202600550,Click here to see a shocking viral video! WARNING: explicit details inside.,531,3,103
AD-202600551,Click here to see a shocking viral video! WARNING: explicit details inside.,62,1,103
AD-202600552,Get rich quick! Earn $5000/day from home with zero risk. Register now!,209,1,101
AD-202600553,Get rich quick! Earn $5000/day from home with zero risk. Register now!,386,4,101
AD-202600554,"Standard household kitchen blender. 3 speeds, stainless steel blades.",349,1,0
AD-202600555,Earn standard rewards points back on everyday grocery purchases with our card.,634,1,0
AD-202600556,Get rich quick! Earn $5000/day from home with zero risk. Register now!,274,0,101
AD-202600557,Earn standard rewards points back on everyday grocery purchases with our card.,524,1,0
AD-202600558,Get rich quick! Earn $5000/day from home with zero risk. Register now!,655,5,101
AD-202600559,"Standard household kitchen blender. 3 speeds, stainless steel blades.",74,0,0
AD-202600560,"Standard household kitchen blender. 3 speeds, stainless steel blades.",599,1,0
AD-202600561,Affordable life insurance policies for families. Get a free quote today.,53,1,0
AD-202600562,Buy high-quality weight loss pills. Melt 20lbs in 48 hours guaranteed!,371,1,102
AD-202600563,Click here to see a shocking viral video! WARNING: explicit details inside.,620,0,103
AD-202600564,Affordable life insurance policies for families. Get a free quote today.,666,0,0
AD-202600565,Affordable life insurance policies for families. Get a free quote today.,535,0,0
AD-202600566,"Standard household kitchen blender. 3 speeds, stainless steel blades.",359,1,0
AD-202600567,Get rich quick! Earn $5000/day from home with zero risk. Register now!,307,1,101
AD-202600568,"Standard household kitchen blender. 3 speeds, stainless steel blades.",486,1,0
AD-202600569,Affordable life insurance policies for families. Get a free quote today.,27,0,0
AD-202600570,Affordable life insurance policies for families. Get a free quote today.,244,1,0
AD-202600571,"Standard household kitchen blender. 3 speeds, stainless steel blades.",435,1,0
AD-202600572,Get rich quick! Earn $5000/day from home with zero risk. Register now!,614,0,101
AD-202600573,Affordable life insurance policies for families. Get a free quote today.,602,1,0
AD-202600574,Affordable life insurance policies for families. Get a free quote today.,57,0,0
AD-202600575,Get rich quick! Earn $5000/day from home with zero risk. Register now!,465,5,101
AD-202600576,Get rich quick! Earn $5000/day from home with zero risk. Register now!,554,1,101
AD-202600577,"Standard household kitchen blender. 3 speeds, stainless steel blades.",549,0,0
AD-202600578,Buy high-quality weight loss pills. Melt 20lbs in 48 hours guaranteed!,49,0,102
AD-202600579,"Standard household kitchen blender. 3 speeds, stainless steel blades.",570,1,0
AD-202600580,"Standard household kitchen blender. 3 speeds, stainless steel blades.",608,0,0
AD-202600581,"Standard household kitchen blender. 3 speeds, stainless steel blades.",236,1,0
AD-202600582,Buy high-quality weight loss pills. Melt 20lbs in 48 hours guaranteed!,521,1,102
AD-202600583,Affordable life insurance policies for families. Get a free quote today.,610,1,0
AD-202600584,Earn standard rewards points back on everyday grocery purchases with our card.,522,0,0
AD-202600585,Get rich quick! Earn $5000/day from home with zero risk. Register now!,665,3,101
AD-202600586,Earn standard rewards points back on everyday grocery purchases with our card.,404,1,0
AD-202600587,Affordable life insurance policies for families. Get a free quote today.,185,1,0
AD-202600588,Earn standard rewards points back on everyday grocery purchases with our card.,551,0,0
AD-202600589,Earn standard rewards points back on everyday grocery purchases with our card.,615,0,0
AD-202600590,Earn standard rewards points back on everyday grocery purchases with our card.,249,1,0
AD-202600591,"Standard household kitchen blender. 3 speeds, stainless steel blades.",483,1,0
AD-202600592,Earn standard rewards points back on everyday grocery purchases with our card.,500,1,0
AD-202600593,Get rich quick! Earn $5000/day from home with zero risk. Register now!,99,4,101
AD-202600594,Earn standard rewards points back on everyday grocery purchases with our card.,662,1,0
AD-202600595,"Standard household kitchen blender. 3 speeds, stainless steel blades.",481,0,0
AD-202600596,Buy high-quality weight loss pills. Melt 20lbs in 48 hours guaranteed!,193,4,102
AD-202600597,"Standard household kitchen blender. 3 speeds, stainless steel blades.",427,1,0
AD-202600598,Click here to see a shocking viral video! WARNING: explicit details inside.,553,4,103
AD-202600599,"Standard household kitchen blender. 3 speeds, stainless steel blades.",499,0,0
AD-202600600,Earn standard rewards points back on everyday grocery purchases with our card.,92,1,0
AD-202600601,"Standard household kitchen blender. 3 speeds, stainless steel blades.",295,1,0
AD-202600602,"Standard household kitchen blender. 3 speeds, stainless steel blades.",378,0,0
AD-202600603,Affordable life insurance policies for families. Get a free quote today.,494,0,0
AD-202600604,Earn standard rewards points back on everyday grocery purchases with our card.,564,1,0
AD-202600605,Affordable life insurance policies for families. Get a free quote today.,49,1,0
AD-202600606,Affordable life insurance policies for families. Get a free quote today.,562,1,0
AD-202600607,Earn standard rewards points back on everyday grocery purchases with our card.,170,0,0
AD-202600608,Get rich quick! Earn $5000/day from home with zero risk. Register now!,37,2,101
AD-202600609,Buy high-quality weight loss pills. Melt 20lbs in 48 hours guaranteed!,567,4,102
AD-202600610,Buy high-quality weight loss pills. Melt 20lbs in 48 hours guaranteed!,426,4,102
AD-202600611,Buy high-quality weight loss pills. Melt 20lbs in 48 hours guaranteed!,544,0,102
AD-202600612,Affordable life insurance policies for families. Get a free quote today.,284,1,0
AD-202600613,Earn standard rewards points back on everyday grocery purchases with our card.,342,0,0
AD-202600614,Get rich quick! Earn $5000/day from home with zero risk. Register now!,86,4,101
AD-202600615,"Standard household kitchen blender. 3 speeds, stainless steel blades.",481,1,0
AD-202600616,Affordable life insurance policies for families. Get a free quote today.,612,1,0
AD-202600617,Click here to see a shocking viral video! WARNING: explicit details inside.,721,5,103
AD-202600618,Earn standard rewards points back on everyday grocery purchases with our card.,328,1,0
AD-202600619,Earn standard rewards points back on everyday grocery purchases with our card.,469,0,0
AD-202600620,Get rich quick! Earn $5000/day from home with zero risk. Register now!,403,5,101
AD-202600621,"Standard household kitchen blender. 3 speeds, stainless steel blades.",392,1,0
AD-202600622,Buy high-quality weight loss pills. Melt 20lbs in 48 hours guaranteed!,730,4,102
AD-202600623,Buy high-quality weight loss pills. Melt 20lbs in 48 hours guaranteed!,200,5,102
AD-202600624,Earn standard rewards points back on everyday grocery purchases with our card.,251,1,0
AD-202600625,Affordable life insurance policies for families. Get a free quote today.,156,1,0
AD-202600626,Affordable life insurance policies for families. Get a free quote today.,626,0,0
AD-202600627,Get rich quick! Earn $5000/day from home with zero risk. Register now!,356,1,101
AD-202600628,"Standard household kitchen blender. 3 speeds, stainless steel blades.",202,0,0
AD-202600629,"Standard household kitchen blender. 3 speeds, stainless steel blades.",38,1,0
AD-202600630,Earn standard rewards points back on everyday grocery purchases with our card.,226,0,0
AD-202600631,Buy high-quality weight loss pills. Melt 20lbs in 48 hours guaranteed!,178,0,102
AD-202600632,"Standard household kitchen blender. 3 speeds, stainless steel blades.",535,1,0
AD-202600633,Affordable life insurance policies for families. Get a free quote today.,418,0,0
AD-202600634,"Standard household kitchen blender. 3 speeds, stainless steel blades.",592,0,0
AD-202600635,Affordable life insurance policies for families. Get a free quote today.,459,1,0
AD-202600636,Earn standard rewards points back on everyday grocery purchases with our card.,295,1,0
AD-202600637,Affordable life insurance policies for families. Get a free quote today.,347,0,0
AD-202600638,Earn standard rewards points back on everyday grocery purchases with our card.,73,0,0
AD-202600639,Affordable life insurance policies for families. Get a free quote today.,558,1,0
AD-202600640,Get rich quick! Earn $5000/day from home with zero risk. Register now!,260,4,101
AD-202600641,Earn standard rewards points back on everyday grocery purchases with our card.,176,1,0
AD-202600642,Earn standard rewards points back on everyday grocery purchases with our card.,44,0,0
AD-202600643,"Standard household kitchen blender. 3 speeds, stainless steel blades.",396,0,0
AD-202600644,"Standard household kitchen blender. 3 speeds, stainless steel blades.",262,0,0
AD-202600645,"Standard household kitchen blender. 3 speeds, stainless steel blades.",521,0,0
AD-202600646,"Standard household kitchen blender. 3 speeds, stainless steel blades.",35,1,0
AD-202600647,Click here to see a shocking viral video! WARNING: explicit details inside.,524,4,103
AD-202600648,Affordable life insurance policies for families. Get a free quote today.,315,1,0
AD-202600649,Earn standard rewards points back on everyday grocery purchases with our card.,66,1,0
AD-202600650,Get rich quick! Earn $5000/day from home with zero risk. Register now!,207,4,101
AD-202600651,Buy high-quality weight loss pills. Melt 20lbs in 48 hours guaranteed!,51,0,102
AD-202600652,Earn standard rewards points back on everyday grocery purchases with our card.,288,1,0
AD-202600653,"Standard household kitchen blender. 3 speeds, stainless steel blades.",632,0,0
AD-202600654,Affordable life insurance policies for families. Get a free quote today.,302,0,0
AD-202600655,Affordable life insurance policies for families. Get a free quote today.,282,0,0
AD-202600656,"Standard household kitchen blender. 3 speeds, stainless steel blades.",134,0,0
AD-202600657,Buy high-quality weight loss pills. Melt 20lbs in 48 hours guaranteed!,618,0,102
AD-202600658,"Standard household kitchen blender. 3 speeds, stainless steel blades.",421,1,0
AD-202600659,"Standard household kitchen blender. 3 speeds, stainless steel blades.",340,1,0
AD-202600660,Get rich quick! Earn $5000/day from home with zero risk. Register now!,284,2,101
AD-202600661,Buy high-quality weight loss pills. Melt 20lbs in 48 hours guaranteed!,242,2,102
AD-202600662,"Standard household kitchen blender. 3 speeds, stainless steel blades.",306,1,0
AD-202600663,"Standard household kitchen blender. 3 speeds, stainless steel blades.",536,1,0
AD-202600664,Earn standard rewards points back on everyday grocery purchases with our card.,612,1,0
AD-202600665,"Standard household kitchen blender. 3 speeds, stainless steel blades.",431,0,0
AD-202600666,"Standard household kitchen blender. 3 speeds, stainless steel blades.",534,0,0
AD-202600667,Earn standard rewards points back on everyday grocery purchases with our card.,61,1,0
AD-202600668,"Standard household kitchen blender. 3 speeds, stainless steel blades.",567,1,0
AD-202600669,Buy high-quality weight loss pills. Melt 20lbs in 48 hours guaranteed!,278,1,102
AD-202600670,"Standard household kitchen blender. 3 speeds, stainless steel blades.",679,1,0
AD-202600671,Earn standard rewards points back on everyday grocery purchases with our card.,335,1,0
AD-202600672,"Standard household kitchen blender. 3 speeds, stainless steel blades.",323,0,0
AD-202600673,Affordable life insurance policies for families. Get a free quote today.,421,1,0
AD-202600674,"Standard household kitchen blender. 3 speeds, stainless steel blades.",341,0,0
AD-202600675,"Standard household kitchen blender. 3 speeds, stainless steel blades.",625,1,0
AD-202600676,Get rich quick! Earn $5000/day from home with zero risk. Register now!,619,4,101
AD-202600677,Earn standard rewards points back on everyday grocery purchases with our card.,537,0,0
AD-202600678,"Standard household kitchen blender. 3 speeds, stainless steel blades.",582,0,0
AD-202600679,Earn standard rewards points back on everyday grocery purchases with our card.,355,0,0
AD-202600680,"Standard household kitchen blender. 3 speeds, stainless steel blades.",554,1,0
AD-202600681,Affordable life insurance policies for families. Get a free quote today.,66,0,0
AD-202600682,Buy high-quality weight loss pills. Melt 20lbs in 48 hours guaranteed!,470,1,102
AD-202600683,Buy high-quality weight loss pills. Melt 20lbs in 48 hours guaranteed!,366,2,102
AD-202600684,Earn standard rewards points back on everyday grocery purchases with our card.,35,1,0
AD-202600685,Earn standard rewards points back on everyday grocery purchases with our card.,70,1,0
AD-202600686,Affordable life insurance policies for families. Get a free quote today.,693,0,0
AD-202600687,Affordable life insurance policies for families. Get a free quote today.,250,0,0
AD-202600688,Earn standard rewards points back on everyday grocery purchases with our card.,414,0,0
AD-202600689,Earn standard rewards points back on everyday grocery purchases with our card.,596,1,0
AD-202600690,Affordable life insurance policies for families. Get a free quote today.,483,0,0
AD-202600691,Affordable life insurance policies for families. Get a free quote today.,379,0,0
AD-202600692,Buy high-quality weight loss pills. Melt 20lbs in 48 hours guaranteed!,432,2,102
AD-202600693,"Standard household kitchen blender. 3 speeds, stainless steel blades.",164,0,0
AD-202600694,Affordable life insurance policies for families. Get a free quote today.,330,0,0
AD-202600695,"Standard household kitchen blender. 3 speeds, stainless steel blades.",147,0,0
AD-202600696,Get rich quick! Earn $5000/day from home with zero risk. Register now!,680,3,101
AD-202600697,Click here to see a shocking viral video! WARNING: explicit details inside.,670,1,103
AD-202600698,"Standard household kitchen blender. 3 speeds, stainless steel blades.",72,1,0
AD-202600699,"Standard household kitchen blender. 3 speeds, stainless steel blades.",177,0,0
AD-202600700,"Standard household kitchen blender. 3 speeds, stainless steel blades.",156,1,0
AD-202600701,"Standard household kitchen blender. 3 speeds, stainless steel blades.",252,0,0
AD-202600702,"Standard household kitchen blender. 3 speeds, stainless steel blades.",64,1,0
AD-202600703,Buy high-quality weight loss pills. Melt 20lbs in 48 hours guaranteed!,164,0,102
AD-202600704,Affordable life insurance policies for families. Get a free quote today.,164,0,0
AD-202600705,Earn standard rewards points back on everyday grocery purchases with our card.,13,0,0
AD-202600706,"Standard household kitchen blender. 3 speeds, stainless steel blades.",678,1,0
AD-202600707,Earn standard rewards points back on everyday grocery purchases with our card.,444,1,0
AD-202600708,"Standard household kitchen blender. 3 speeds, stainless steel blades.",618,0,0
AD-202600709,"Standard household kitchen blender. 3 speeds, stainless steel blades.",290,0,0
AD-202600710,Earn standard rewards points back on everyday grocery purchases with our card.,201,1,0
AD-202600711,Click here to see a shocking viral video! WARNING: explicit details inside.,220,5,103
AD-202600712,"Standard household kitchen blender. 3 speeds, stainless steel blades.",703,1,0
AD-202600713,"Standard household kitchen blender. 3 speeds, stainless steel blades.",296,0,0
AD-202600714,"Standard household kitchen blender. 3 speeds, stainless steel blades.",80,1,0
AD-202600715,Affordable life insurance policies for families. Get a free quote today.,616,1,0
AD-202600716,Affordable life insurance policies for families. Get a free quote today.,22,0,0
AD-202600717,Affordable life insurance policies for families. Get a free quote today.,95,1,0
AD-202600718,"Standard household kitchen blender. 3 speeds, stainless steel blades.",509,1,0
AD-202600719,"Standard household kitchen blender. 3 speeds, stainless steel blades.",107,0,0
AD-202600720,"Standard household kitchen blender. 3 speeds, stainless steel blades.",464,1,0
AD-202600721,"Standard household kitchen blender. 3 speeds, stainless steel blades.",267,1,0
AD-202600722,"Standard household kitchen blender. 3 speeds, stainless steel blades.",59,1,0
AD-202600723,"Standard household kitchen blender. 3 speeds, stainless steel blades.",104,1,0
AD-202600724,Click here to see a shocking viral video! WARNING: explicit details inside.,301,1,103
AD-202600725,"Standard household kitchen blender. 3 speeds, stainless steel blades.",146,1,0
AD-202600726,"Standard household kitchen blender. 3 speeds, stainless steel blades.",284,0,0
AD-202600727,Get rich quick! Earn $5000/day from home with zero risk. Register now!,657,4,101
AD-202600728,"Standard household kitchen blender. 3 speeds, stainless steel blades.",506,0,0
AD-202600729,"Standard household kitchen blender. 3 speeds, stainless steel blades.",195,0,0
AD-202600730,Buy high-quality weight loss pills. Melt 20lbs in 48 hours guaranteed!,450,5,102
AD-202600731,Affordable life insurance policies for families. Get a free quote today.,474,1,0
AD-202600732,Buy high-quality weight loss pills. Melt 20lbs in 48 hours guaranteed!,650,1,102
AD-202600733,Affordable life insurance policies for families. Get a free quote today.,303,1,0
AD-202600734,Buy high-quality weight loss pills. Melt 20lbs in 48 hours guaranteed!,649,5,102
AD-202600735,"Standard household kitchen blender. 3 speeds, stainless steel blades.",530,0,0
AD-202600736,Earn standard rewards points back on everyday grocery purchases with our card.,643,1,0
AD-202600737,Earn standard rewards points back on everyday grocery purchases with our card.,242,1,0
AD-202600738,Affordable life insurance policies for families. Get a free quote today.,273,1,0
AD-202600739,Earn standard rewards points back on everyday grocery purchases with our card.,483,1,0
AD-202600740,Buy high-quality weight loss pills. Melt 20lbs in 48 hours guaranteed!,628,2,102
AD-202600741,Earn standard rewards points back on everyday grocery purchases with our card.,265,1,0
AD-202600742,"Standard household kitchen blender. 3 speeds, stainless steel blades.",333,1,0
AD-202600743,"Standard household kitchen blender. 3 speeds, stainless steel blades.",496,1,0
AD-202600744,Get rich quick! Earn $5000/day from home with zero risk. Register now!,723,1,101
AD-202600745,Earn standard rewards points back on everyday grocery purchases with our card.,573,1,0
AD-202600746,"Standard household kitchen blender. 3 speeds, stainless steel blades.",18,0,0
AD-202600747,Affordable life insurance policies for families. Get a free quote today.,388,0,0
AD-202600748,Earn standard rewards points back on everyday grocery purchases with our card.,228,0,0
AD-202600749,Buy high-quality weight loss pills. Melt 20lbs in 48 hours guaranteed!,229,0,102
AD-202600750,Get rich quick! Earn $5000/day from home with zero risk. Register now!,474,1,101
AD-202600751,Affordable life insurance policies for families. Get a free quote today.,202,1,0
AD-202600752,Earn standard rewards points back on everyday grocery purchases with our card.,317,1,0
AD-202600753,Buy high-quality weight loss pills. Melt 20lbs in 48 hours guaranteed!,76,1,102
AD-202600754,Earn standard rewards points back on everyday grocery purchases with our card.,84,0,0
AD-202600755,Buy high-quality weight loss pills. Melt 20lbs in 48 hours guaranteed!,548,0,102
AD-202600756,Earn standard rewards points back on everyday grocery purchases with our card.,186,0,0
AD-202600757,Affordable life insurance policies for families. Get a free quote today.,247,1,0
AD-202600758,Affordable life insurance policies for families. Get a free quote today.,397,1,0
AD-202600759,Buy high-quality weight loss pills. Melt 20lbs in 48 hours guaranteed!,729,3,102
AD-202600760,Earn standard rewards points back on everyday grocery purchases with our card.,643,0,0
AD-202600761,"Standard household kitchen blender. 3 speeds, stainless steel blades.",134,1,0
AD-202600762,"Standard household kitchen blender. 3 speeds, stainless steel blades.",5,0,0
AD-202600763,"Standard household kitchen blender. 3 speeds, stainless steel blades.",401,1,0
AD-202600764,Click here to see a shocking viral video! WARNING: explicit details inside.,255,1,103
AD-202600765,Affordable life insurance policies for families. Get a free quote today.,365,1,0
AD-202600766,Click here to see a shocking viral video! WARNING: explicit details inside.,559,0,103
AD-202600767,Click here to see a shocking viral video! WARNING: explicit details inside.,160,3,103
AD-202600768,Buy high-quality weight loss pills. Melt 20lbs in 48 hours guaranteed!,397,5,102
AD-202600769,Click here to see a shocking viral video! WARNING: explicit details inside.,219,2,103
AD-202600770,Earn standard rewards points back on everyday grocery purchases with our card.,186,0,0
AD-202600771,Get rich quick! Earn $5000/day from home with zero risk. Register now!,67,2,101
AD-202600772,"Standard household kitchen blender. 3 speeds, stainless steel blades.",312,1,0
AD-202600773,"Standard household kitchen blender. 3 speeds, stainless steel blades.",724,1,0
AD-202600774,Click here to see a shocking viral video! WARNING: explicit details inside.,38,3,103
AD-202600775,Buy high-quality weight loss pills. Melt 20lbs in 48 hours guaranteed!,236,3,102
AD-202600776,Get rich quick! Earn $5000/day from home with zero risk. Register now!,344,4,101
AD-202600777,Affordable life insurance policies for families. Get a free quote today.,170,0,0
AD-202600778,Buy high-quality weight loss pills. Melt 20lbs in 48 hours guaranteed!,98,1,102
AD-202600779,Affordable life insurance policies for families. Get a free quote today.,200,1,0
AD-202600780,Affordable life insurance policies for families. Get a free quote today.,318,0,0
AD-202600781,Earn standard rewards points back on everyday grocery purchases with our card.,299,0,0
AD-202600782,"Standard household kitchen blender. 3 speeds, stainless steel blades.",642,0,0
AD-202600783,"Standard household kitchen blender. 3 speeds, stainless steel blades.",333,0,0
AD-202600784,Get rich quick! Earn $5000/day from home with zero risk. Register now!,66,5,101
AD-202600785,"Standard household kitchen blender. 3 speeds, stainless steel blades.",566,1,0
AD-202600786,Earn standard rewards points back on everyday grocery purchases with our card.,626,0,0
AD-202600787,"Standard household kitchen blender. 3 speeds, stainless steel blades.",343,0,0
AD-202600788,Earn standard rewards points back on everyday grocery purchases with our card.,261,1,0
AD-202600789,Get rich quick! Earn $5000/day from home with zero risk. Register now!,35,3,101
AD-202600790,Click here to see a shocking viral video! WARNING: explicit details inside.,92,1,103
AD-202600791,Affordable life insurance policies for families. Get a free quote today.,287,0,0
AD-202600792,"Standard household kitchen blender. 3 speeds, stainless steel blades.",27,0,0
AD-202600793,Earn standard rewards points back on everyday grocery purchases with our card.,618,1,0
AD-202600794,"Standard household kitchen blender. 3 speeds, stainless steel blades.",32,0,0
AD-202600795,Affordable life insurance policies for families. Get a free quote today.,547,1,0
AD-202600796,Get rich quick! Earn $5000/day from home with zero risk. Register now!,77,3,101
AD-202600797,Affordable life insurance policies for families. Get a free quote today.,728,0,0
AD-202600798,Affordable life insurance policies for families. Get a free quote today.,297,1,0
AD-202600799,"Standard household kitchen blender. 3 speeds, stainless steel blades.",80,1,0
AD-202600800,Buy high-quality weight loss pills. Melt 20lbs in 48 hours guaranteed!,160,1,102
AD-202600801,Earn standard rewards points back on everyday grocery purchases with our card.,32,1,0
AD-202600802,"Standard household kitchen blender. 3 speeds, stainless steel blades.",652,1,0
AD-202600803,Earn standard rewards points back on everyday grocery purchases with our card.,681,0,0
AD-202600804,Affordable life insurance policies for families. Get a free quote today.,424,0,0
AD-202600805,"Standard household kitchen blender. 3 speeds, stainless steel blades.",213,1,0
AD-202600806,Earn standard rewards points back on everyday grocery purchases with our card.,360,1,0
AD-202600807,"Standard household kitchen blender. 3 speeds, stainless steel blades.",495,1,0
AD-202600808,Affordable life insurance policies for families. Get a free quote today.,698,1,0
AD-202600809,Affordable life insurance policies for families. Get a free quote today.,725,0,0
AD-202600810,"Standard household kitchen blender. 3 speeds, stainless steel blades.",11,1,0
AD-202600811,Get rich quick! Earn $5000/day from home with zero risk. Register now!,363,2,101
AD-202600812,Affordable life insurance policies for families. Get a free quote today.,599,0,0
AD-202600813,Earn standard rewards points back on everyday grocery purchases with our card.,181,0,0
AD-202600814,Buy high-quality weight loss pills. Melt 20lbs in 48 hours guaranteed!,603,4,102
AD-202600815,Buy high-quality weight loss pills. Melt 20lbs in 48 hours guaranteed!,674,4,102
AD-202600816,Click here to see a shocking viral video! WARNING: explicit details inside.,15,3,103
AD-202600817,Get rich quick! Earn $5000/day from home with zero risk. Register now!,471,0,101
AD-202600818,"Standard household kitchen blender. 3 speeds, stainless steel blades.",705,1,0
AD-202600819,Get rich quick! Earn $5000/day from home with zero risk. Register now!,586,1,101
AD-202600820,Affordable life insurance policies for families. Get a free quote today.,5,1,0
AD-202600821,Earn standard rewards points back on everyday grocery purchases with our card.,255,0,0
AD-202600822,Buy high-quality weight loss pills. Melt 20lbs in 48 hours guaranteed!,226,0,102
AD-202600823,Get rich quick! Earn $5000/day from home with zero risk. Register now!,654,3,101
AD-202600824,Buy high-quality weight loss pills. Melt 20lbs in 48 hours guaranteed!,334,5,102
AD-202600825,Buy high-quality weight loss pills. Melt 20lbs in 48 hours guaranteed!,699,3,102
AD-202600826,"Standard household kitchen blender. 3 speeds, stainless steel blades.",536,1,0
AD-202600827,"Standard household kitchen blender. 3 speeds, stainless steel blades.",203,1,0
AD-202600828,"Standard household kitchen blender. 3 speeds, stainless steel blades.",81,0,0
AD-202600829,Earn standard rewards points back on everyday grocery purchases with our card.,169,0,0
AD-202600830,"Standard household kitchen blender. 3 speeds, stainless steel blades.",698,1,0
AD-202600831,Earn standard rewards points back on everyday grocery purchases with our card.,157,0,0
AD-202600832,Affordable life insurance policies for families. Get a free quote today.,357,0,0
AD-202600833,Affordable life insurance policies for families. Get a free quote today.,108,0,0
AD-202600834,Affordable life insurance policies for families. Get a free quote today.,501,1,0
AD-202600835,Click here to see a shocking viral video! WARNING: explicit details inside.,475,5,103
AD-202600836,"Standard household kitchen blender. 3 speeds, stainless steel blades.",578,0,0
AD-202600837,Earn standard rewards points back on everyday grocery purchases with our card.,614,0,0
AD-202600838,"Standard household kitchen blender. 3 speeds, stainless steel blades.",529,0,0
AD-202600839,Buy high-quality weight loss pills. Melt 20lbs in 48 hours guaranteed!,588,5,102
AD-202600840,Buy high-quality weight loss pills. Melt 20lbs in 48 hours guaranteed!,592,2,102
AD-202600841,Affordable life insurance policies for families. Get a free quote today.,571,0,0
AD-202600842,Earn standard rewards points back on everyday grocery purchases with our card.,560,0,0
AD-202600843,"Standard household kitchen blender. 3 speeds, stainless steel blades.",115,0,0
AD-202600844,Click here to see a shocking viral video! WARNING: explicit details inside.,385,1,103
AD-202600845,"Standard household kitchen blender. 3 speeds, stainless steel blades.",693,0,0
AD-202600846,"Standard household kitchen blender. 3 speeds, stainless steel blades.",465,1,0
AD-202600847,Get rich quick! Earn $5000/day from home with zero risk. Register now!,669,4,101
AD-202600848,Affordable life insurance policies for families. Get a free quote today.,602,0,0
AD-202600849,"Standard household kitchen blender. 3 speeds, stainless steel blades.",657,0,0
AD-202600850,"Standard household kitchen blender. 3 speeds, stainless steel blades.",341,0,0
AD-202600851,Buy high-quality weight loss pills. Melt 20lbs in 48 hours guaranteed!,249,4,102
AD-202600852,"Standard household kitchen blender. 3 speeds, stainless steel blades.",219,1,0
AD-202600853,Affordable life insurance policies for families. Get a free quote today.,645,1,0
AD-202600854,Affordable life insurance policies for families. Get a free quote today.,439,1,0
AD-202600855,Get rich quick! Earn $5000/day from home with zero risk. Register now!,343,1,101
AD-202600856,Affordable life insurance policies for families. Get a free quote today.,156,1,0
AD-202600857,Affordable life insurance policies for families. Get a free quote today.,179,0,0
AD-202600858,"Standard household kitchen blender. 3 speeds, stainless steel blades.",7,0,0
AD-202600859,"Standard household kitchen blender. 3 speeds, stainless steel blades.",685,1,0
AD-202600860,"Standard household kitchen blender. 3 speeds, stainless steel blades.",602,1,0
AD-202600861,"Standard household kitchen blender. 3 speeds, stainless steel blades.",527,0,0
AD-202600862,"Standard household kitchen blender. 3 speeds, stainless steel blades.",507,0,0
AD-202600863,"Standard household kitchen blender. 3 speeds, stainless steel blades.",455,0,0
AD-202600864,"Standard household kitchen blender. 3 speeds, stainless steel blades.",256,1,0
AD-202600865,"Standard household kitchen blender. 3 speeds, stainless steel blades.",503,1,0
AD-202600866,"Standard household kitchen blender. 3 speeds, stainless steel blades.",689,0,0
AD-202600867,"Standard household kitchen blender. 3 speeds, stainless steel blades.",675,1,0
AD-202600868,Earn standard rewards points back on everyday grocery purchases with our card.,545,0,0
AD-202600869,Affordable life insurance policies for families. Get a free quote today.,512,0,0
AD-202600870,Click here to see a shocking viral video! WARNING: explicit details inside.,174,2,103
AD-202600871,Get rich quick! Earn $5000/day from home with zero risk. Register now!,223,0,101
AD-202600872,Affordable life insurance policies for families. Get a free quote today.,612,1,0
AD-202600873,"Standard household kitchen blender. 3 speeds, stainless steel blades.",83,0,0
AD-202600874,"Standard household kitchen blender. 3 speeds, stainless steel blades.",516,0,0
AD-202600875,"Standard household kitchen blender. 3 speeds, stainless steel blades.",510,1,0
AD-202600876,Get rich quick! Earn $5000/day from home with zero risk. Register now!,27,1,101
AD-202600877,Affordable life insurance policies for families. Get a free quote today.,134,0,0
AD-202600878,"Standard household kitchen blender. 3 speeds, stainless steel blades.",170,1,0
AD-202600879,Get rich quick! Earn $5000/day from home with zero risk. Register now!,597,1,101
AD-202600880,Buy high-quality weight loss pills. Melt 20lbs in 48 hours guaranteed!,544,1,102
AD-202600881,"Standard household kitchen blender. 3 speeds, stainless steel blades.",578,1,0
AD-202600882,Buy high-quality weight loss pills. Melt 20lbs in 48 hours guaranteed!,218,4,102
AD-202600883,Earn standard rewards points back on everyday grocery purchases with our card.,722,0,0
AD-202600884,Earn standard rewards points back on everyday grocery purchases with our card.,639,0,0
AD-202600885,Click here to see a shocking viral video! WARNING: explicit details inside.,626,0,103
AD-202600886,Get rich quick! Earn $5000/day from home with zero risk. Register now!,207,3,101
AD-202600887,Earn standard rewards points back on everyday grocery purchases with our card.,546,0,0
AD-202600888,Buy high-quality weight loss pills. Melt 20lbs in 48 hours guaranteed!,13,3,102
AD-202600889,"Standard household kitchen blender. 3 speeds, stainless steel blades.",722,0,0
AD-202600890,Click here to see a shocking viral video! WARNING: explicit details inside.,495,3,103
AD-202600891,Buy high-quality weight loss pills. Melt 20lbs in 48 hours guaranteed!,314,3,102
AD-202600892,"Standard household kitchen blender. 3 speeds, stainless steel blades.",579,0,0
AD-202600893,Affordable life insurance policies for families. Get a free quote today.,72,1,0
AD-202600894,Earn standard rewards points back on everyday grocery purchases with our card.,147,0,0
AD-202600895,Earn standard rewards points back on everyday grocery purchases with our card.,216,0,0
AD-202600896,"Standard household kitchen blender. 3 speeds, stainless steel blades.",640,1,0
AD-202600897,Earn standard rewards points back on everyday grocery purchases with our card.,444,1,0
AD-202600898,Affordable life insurance policies for families. Get a free quote today.,506,0,0
AD-202600899,Get rich quick! Earn $5000/day from home with zero risk. Register now!,6,1,101
AD-202600900,Affordable life insurance policies for families. Get a free quote today.,506,1,0
AD-202600901,Earn standard rewards points back on everyday grocery purchases with our card.,269,0,0
AD-202600902,"Standard household kitchen blender. 3 speeds, stainless steel blades.",727,1,0
AD-202600903,Get rich quick! Earn $5000/day from home with zero risk. Register now!,705,5,101
AD-202600904,Earn standard rewards points back on everyday grocery purchases with our card.,369,0,0
AD-202600905,"Standard household kitchen blender. 3 speeds, stainless steel blades.",181,0,0
AD-202600906,Click here to see a shocking viral video! WARNING: explicit details inside.,603,2,103
AD-202600907,Get rich quick! Earn $5000/day from home with zero risk. Register now!,282,0,101
AD-202600908,"Standard household kitchen blender. 3 speeds, stainless steel blades.",32,0,0
AD-202600909,Get rich quick! Earn $5000/day from home with zero risk. Register now!,400,0,101
AD-202600910,"Standard household kitchen blender. 3 speeds, stainless steel blades.",400,1,0
AD-202600911,Earn standard rewards points back on everyday grocery purchases with our card.,650,0,0
AD-202600912,Get rich quick! Earn $5000/day from home with zero risk. Register now!,416,2,101
AD-202600913,Buy high-quality weight loss pills. Melt 20lbs in 48 hours guaranteed!,260,3,102
AD-202600914,Earn standard rewards points back on everyday grocery purchases with our card.,54,1,0
AD-202600915,Get rich quick! Earn $5000/day from home with zero risk. Register now!,167,1,101
AD-202600916,Get rich quick! Earn $5000/day from home with zero risk. Register now!,584,0,101
AD-202600917,"Standard household kitchen blender. 3 speeds, stainless steel blades.",30,1,0
AD-202600918,Affordable life insurance policies for families. Get a free quote today.,90,0,0
AD-202600919,Affordable life insurance policies for families. Get a free quote today.,64,0,0
AD-202600920,Click here to see a shocking viral video! WARNING: explicit details inside.,425,2,103
AD-202600921,Affordable life insurance policies for families. Get a free quote today.,591,1,0
AD-202600922,"Standard household kitchen blender. 3 speeds, stainless steel blades.",170,1,0
AD-202600923,Click here to see a shocking viral video! WARNING: explicit details inside.,274,3,103
AD-202600924,"Standard household kitchen blender. 3 speeds, stainless steel blades.",360,0,0
AD-202600925,Buy high-quality weight loss pills. Melt 20lbs in 48 hours guaranteed!,381,0,102
AD-202600926,"Standard household kitchen blender. 3 speeds, stainless steel blades.",170,0,0
AD-202600927,Earn standard rewards points back on everyday grocery purchases with our card.,205,0,0
AD-202600928,Earn standard rewards points back on everyday grocery purchases with our card.,515,1,0
AD-202600929,"Standard household kitchen blender. 3 speeds, stainless steel blades.",114,1,0
AD-202600930,Affordable life insurance policies for families. Get a free quote today.,71,0,0
AD-202600931,Earn standard rewards points back on everyday grocery purchases with our card.,107,1,0
AD-202600932,Affordable life insurance policies for families. Get a free quote today.,166,0,0
AD-202600933,Get rich quick! Earn $5000/day from home with zero risk. Register now!,567,4,101
AD-202600934,"Standard household kitchen blender. 3 speeds, stainless steel blades.",200,0,0
AD-202600935,Affordable life insurance policies for families. Get a free quote today.,565,1,0
AD-202600936,Affordable life insurance policies for families. Get a free quote today.,599,0,0
AD-202600937,"Standard household kitchen blender. 3 speeds, stainless steel blades.",650,0,0
AD-202600938,Get rich quick! Earn $5000/day from home with zero risk. Register now!,411,5,101
AD-202600939,Affordable life insurance policies for families. Get a free quote today.,108,0,0
AD-202600940,"Standard household kitchen blender. 3 speeds, stainless steel blades.",586,1,0
AD-202600941,Buy high-quality weight loss pills. Melt 20lbs in 48 hours guaranteed!,604,1,102
AD-202600942,Earn standard rewards points back on everyday grocery purchases with our card.,544,0,0
AD-202600943,Buy high-quality weight loss pills. Melt 20lbs in 48 hours guaranteed!,190,0,102
AD-202600944,Get rich quick! Earn $5000/day from home with zero risk. Register now!,136,5,101
AD-202600945,Earn standard rewards points back on everyday grocery purchases with our card.,639,0,0
AD-202600946,Earn standard rewards points back on everyday grocery purchases with our card.,422,1,0
AD-202600947,Get rich quick! Earn $5000/day from home with zero risk. Register now!,132,1,101
AD-202600948,"Standard household kitchen blender. 3 speeds, stainless steel blades.",637,1,0
AD-202600949,Earn standard rewards points back on everyday grocery purchases with our card.,646,1,0
AD-202600950,Earn standard rewards points back on everyday grocery purchases with our card.,110,0,0
AD-202600951,"Standard household kitchen blender. 3 speeds, stainless steel blades.",67,1,0
AD-202600952,"Standard household kitchen blender. 3 speeds, stainless steel blades.",143,0,0
AD-202600953,Earn standard rewards points back on everyday grocery purchases with our card.,721,0,0
AD-202600954,Affordable life insurance policies for families. Get a free quote today.,138,0,0
AD-202600955,Get rich quick! Earn $5000/day from home with zero risk. Register now!,267,4,101
AD-202600956,Earn standard rewards points back on everyday grocery purchases with our card.,201,1,0
AD-202600957,Get rich quick! Earn $5000/day from home with zero risk. Register now!,690,4,101
AD-202600958,Earn standard rewards points back on everyday grocery purchases with our card.,404,0,0
AD-202600959,"Standard household kitchen blender. 3 speeds, stainless steel blades.",94,1,0
AD-202600960,"Standard household kitchen blender. 3 speeds, stainless steel blades.",659,0,0
AD-202600961,"Standard household kitchen blender. 3 speeds, stainless steel blades.",194,1,0
AD-202600962,"Standard household kitchen blender. 3 speeds, stainless steel blades.",193,1,0
AD-202600963,"Standard household kitchen blender. 3 speeds, stainless steel blades.",14,0,0
AD-202600964,Buy high-quality weight loss pills. Melt 20lbs in 48 hours guaranteed!,547,3,102
AD-202600965,Affordable life insurance policies for families. Get a free quote today.,520,1,0
AD-202600966,Buy high-quality weight loss pills. Melt 20lbs in 48 hours guaranteed!,539,5,102
AD-202600967,"Standard household kitchen blender. 3 speeds, stainless steel blades.",14,0,0
AD-202600968,"Standard household kitchen blender. 3 speeds, stainless steel blades.",292,1,0
AD-202600969,"Standard household kitchen blender. 3 speeds, stainless steel blades.",710,0,0
AD-202600970,Affordable life insurance policies for families. Get a free quote today.,207,0,0
AD-202600971,Earn standard rewards points back on everyday grocery purchases with our card.,144,0,0
AD-202600972,"Standard household kitchen blender. 3 speeds, stainless steel blades.",482,0,0
AD-202600973,Earn standard rewards points back on everyday grocery purchases with our card.,279,1,0
AD-202600974,"Standard household kitchen blender. 3 speeds, stainless steel blades.",352,0,0
AD-202600975,"Standard household kitchen blender. 3 speeds, stainless steel blades.",352,0,0
AD-202600976,Buy high-quality weight loss pills. Melt 20lbs in 48 hours guaranteed!,431,5,102
AD-202600977,Click here to see a shocking viral video! WARNING: explicit details inside.,575,0,103
AD-202600978,Affordable life insurance policies for families. Get a free quote today.,620,1,0
AD-202600979,Affordable life insurance policies for families. Get a free quote today.,203,1,0
AD-202600980,"Standard household kitchen blender. 3 speeds, stainless steel blades.",386,1,0
AD-202600981,Get rich quick! Earn $5000/day from home with zero risk. Register now!,172,1,101
AD-202600982,Earn standard rewards points back on everyday grocery purchases with our card.,533,0,0
AD-202600983,"Standard household kitchen blender. 3 speeds, stainless steel blades.",209,1,0
AD-202600984,Affordable life insurance policies for families. Get a free quote today.,531,1,0
AD-202600985,"Standard household kitchen blender. 3 speeds, stainless steel blades.",676,1,0
AD-202600986,Earn standard rewards points back on everyday grocery purchases with our card.,17,1,0
AD-202600987,Buy high-quality weight loss pills. Melt 20lbs in 48 hours guaranteed!,104,1,102
AD-202600988,Get rich quick! Earn $5000/day from home with zero risk. Register now!,242,0,101
AD-202600989,Earn standard rewards points back on everyday grocery purchases with our card.,159,0,0
AD-202600990,Buy high-quality weight loss pills. Melt 20lbs in 48 hours guaranteed!,285,5,102
AD-202600991,Click here to see a shocking viral video! WARNING: explicit details inside.,124,0,103
AD-202600992,Get rich quick! Earn $5000/day from home with zero risk. Register now!,516,4,101
AD-202600993,Earn standard rewards points back on everyday grocery purchases with our card.,103,0,0
AD-202600994,Earn standard rewards points back on everyday grocery purchases with our card.,432,0,0
AD-202600995,"Standard household kitchen blender. 3 speeds, stainless steel blades.",678,0,0
AD-202600996,Affordable life insurance policies for families. Get a free quote today.,480,1,0
AD-202600997,"Standard household kitchen blender. 3 speeds, stainless steel blades.",242,0,0
AD-202600998,Affordable life insurance policies for families. Get a free quote today.,646,1,0
AD-202600999,Earn standard rewards points back on everyday grocery purchases with our card.,518,0,0
AD-202601000,Buy high-quality weight loss pills. Melt 20lbs in 48 hours guaranteed!,250,1,102
AD-202601001,"Unlock your financial FR€€D0M! 🚀 Discover the 'secret' to 10X your 'digital h0ldings' 📈 overnight. No experience needed, just a 'small initial c0ntribution'. DM 'me' now for 'exclusive acc€ss'!",15,1,101
AD-202601002,Unlock 'passive' incom3 w/ our 'special' digital 'g@ins' program. 📈 100% 'guaranteed' returns! Ask me how to 'multiply' your 'funds'.,15,0,101
AD-202601003,"Unlock your future with our s€cret wealth formula! Guaranteed returns, no risk. Limited spots for financial freedom seekers. DM for info.",4,2,101
AD-202601004,Unlock your 'p_0tential' with 'd_gital ass_ets'. High 'r_turns' from our 's_mart c0ntracts'. Join now!,12,0,101
AD-202601005,Unlock your financial 'fr33dom' with our 'guaranteed' returns. Invest in 'd!g!tal' assets today! 'DM for details' on 'pr0m!sing' ventures.,1,0,101
AD-202601006,Unlock ur 'finan_cial' potential with our 'exclu$ive' 'investm3nt' opportunities. $tart earn!ng t0day!,14,1,101
AD-202601007,Unl0ck your p_otential! Our 'Digital Growth Pr0gram' offers 500% returns in w33ks. Don't miss this exclusive 0pportunity.,4,0,101
AD-202601008,Unlock your d1gital p0tential! Discover 'passive earn1ng' strategies and 'wealth accelerat0rs'. Limited-time offer for quick returns.,12,2,101
AD-202601009,Unlock your financial potential! Discover *alternative* wealth growth strategies. High-yield *digital asset* opportunities. DM for *exclusive* details.,13,1,101
